"info_id","user_name","ipaddr","login_location","browser","os","status","msg","login_time"
1907008494743511041,admin,"0:0:0:0:0:0:0:1",内网IP,MSEdge,Windows 10 or Windows Server 2016,0,验证码错误,"2025-04-01 17:53:50"
1907008540176211969,admin,"0:0:0:0:0:0:0:1",内网IP,MSEdge,Windows 10 or Windows Server 2016,1,登录成功,"2025-04-01 17:54:01"
1907008863041150978,admin,"0:0:0:0:0:0:0:1",内网IP,MSEdge,Windows 10 or Windows Server 2016,1,退出成功,"2025-04-01 17:55:18"
1907008897073733634,admin,"0:0:0:0:0:0:0:1",内网IP,MSEdge,Windows 10 or Windows Server 2016,1,登录成功,"2025-04-01 17:55:26"
1907010391101595649,admin,"0:0:0:0:0:0:0:1",内网IP,MSEdge,Windows 10 or Windows Server 2016,1,登录成功,"2025-04-01 18:01:22"
1907011371146862594,admin,"0:0:0:0:0:0:0:1",内网IP,MSEdge,Windows 10 or Windows Server 2016,0,验证码已失效,"2025-04-01 18:05:16"
1907011460426817538,admin,"0:0:0:0:0:0:0:1",内网IP,MSEdge,Windows 10 or Windows Server 2016,0,验证码错误,"2025-04-01 18:05:37"
1907011493024948225,admin,"0:0:0:0:0:0:0:1",内网IP,MSEdge,Windows 10 or Windows Server 2016,1,登录成功,"2025-04-01 18:05:45"
1907011561903808513,admin,"0:0:0:0:0:0:0:1",内网IP,MSEdge,Windows 10 or Windows Server 2016,0,验证码错误,"2025-04-01 18:06:02"
1907013387898249218,admin,"0:0:0:0:0:0:0:1",内网IP,MSEdge,Windows 10 or Windows Server 2016,1,登录成功,"2025-04-01 18:13:17"
1907013678542544897,admin,"0:0:0:0:0:0:0:1",内网IP,MSEdge,Windows 10 or Windows Server 2016,1,登录成功,"2025-04-01 18:14:26"
1907015361754488834,admin,"0:0:0:0:0:0:0:1",内网IP,MSEdge,Windows 10 or Windows Server 2016,1,登录成功,"2025-04-01 18:21:08"
1907015488317612034,admin,"0:0:0:0:0:0:0:1",内网IP,MSEdge,Windows 10 or Windows Server 2016,1,登录成功,"2025-04-01 18:21:38"
1907015883907588098,admin,"0:0:0:0:0:0:0:1",内网IP,MSEdge,Windows 10 or Windows Server 2016,1,登录成功,"2025-04-01 18:23:12"
1907119558554509314,admin,"0:0:0:0:0:0:0:1",内网IP,MSEdge,Windows 10 or Windows Server 2016,1,登录成功,"2025-04-02 01:15:10"
1907120255714942977,admin,"0:0:0:0:0:0:0:1",内网IP,MSEdge,Windows 10 or Windows Server 2016,1,登录成功,"2025-04-02 01:17:56"
1907121040083345409,admin,"0:0:0:0:0:0:0:1",内网IP,MSEdge,Windows 10 or Windows Server 2016,1,登录成功,"2025-04-02 01:21:03"
1907122280502616065,admin,"0:0:0:0:0:0:0:1",内网IP,MSEdge,Windows 10 or Windows Server 2016,1,登录成功,"2025-04-02 01:25:59"
1907122329047490561,admin,"0:0:0:0:0:0:0:1",内网IP,MSEdge,Windows 10 or Windows Server 2016,0,验证码已失效,"2025-04-02 01:26:11"
1907122377353289729,admin,"0:0:0:0:0:0:0:1",内网IP,MSEdge,Windows 10 or Windows Server 2016,1,登录成功,"2025-04-02 01:26:22"
1907122458139779073,admin,"0:0:0:0:0:0:0:1",内网IP,MSEdge,Windows 10 or Windows Server 2016,1,登录成功,"2025-04-02 01:26:41"
1907123622541484034,admin,"0:0:0:0:0:0:0:1",内网IP,MSEdge,Windows 10 or Windows Server 2016,1,登录成功,"2025-04-02 01:31:19"
1907124963661799426,admin,"0:0:0:0:0:0:0:1",内网IP,MSEdge,Windows 10 or Windows Server 2016,1,登录成功,"2025-04-02 01:36:39"
1907126382880055298,admin,"0:0:0:0:0:0:0:1",内网IP,MSEdge,Windows 10 or Windows Server 2016,1,登录成功,"2025-04-02 01:42:17"
1907424599702183937,admin,"0:0:0:0:0:0:0:1",内网IP,MSEdge,Windows 10 or Windows Server 2016,1,登录成功,"2025-04-02 21:27:17"
1907436487609622529,admin,"0:0:0:0:0:0:0:1",内网IP,MSEdge,Windows 10 or Windows Server 2016,0,验证码已失效,"2025-04-02 22:14:32"
1907436534187368449,admin,"0:0:0:0:0:0:0:1",内网IP,MSEdge,Windows 10 or Windows Server 2016,0,验证码错误,"2025-04-02 22:14:43"
1907436582186983425,admin,"0:0:0:0:0:0:0:1",内网IP,MSEdge,Windows 10 or Windows Server 2016,1,登录成功,"2025-04-02 22:14:54"
1907496703978041345,admin,"0:0:0:0:0:0:0:1",内网IP,MSEdge,Windows 10 or Windows Server 2016,1,登录成功,"2025-04-03 02:13:48"
1907496736089632769,admin,"0:0:0:0:0:0:0:1",内网IP,MSEdge,Windows 10 or Windows Server 2016,1,登录成功,"2025-04-03 02:13:56"
1907497750058430465,admin,"0:0:0:0:0:0:0:1",内网IP,MSEdge,Windows 10 or Windows Server 2016,1,登录成功,"2025-04-03 02:17:58"
1907771726504624130,admin,"0:0:0:0:0:0:0:1",内网IP,MSEdge,Windows 10 or Windows Server 2016,1,登录成功,"2025-04-03 20:26:39"
1907816401538088962,admin,"0:0:0:0:0:0:0:1",内网IP,Chrome,Windows 10 or Windows Server 2016,1,登录成功,"2025-04-03 23:24:10"
1907849974378819585,admin,"0:0:0:0:0:0:0:1",内网IP,Chrome,Windows 10 or Windows Server 2016,0,验证码错误,"2025-04-04 01:37:35"
1907850011167059969,admin,"0:0:0:0:0:0:0:1",内网IP,Chrome,Windows 10 or Windows Server 2016,1,登录成功,"2025-04-04 01:37:44"
1907851777145204737,admin,"0:0:0:0:0:0:0:1",内网IP,Chrome,Windows 10 or Windows Server 2016,1,登录成功,"2025-04-04 01:44:45"
1907855246476341250,admin,"0:0:0:0:0:0:0:1",内网IP,Chrome,Windows 10 or Windows Server 2016,1,登录成功,"2025-04-04 01:58:32"
1908076476227817474,admin,"0:0:0:0:0:0:0:1",内网IP,Chrome,Windows 10 or Windows Server 2016,1,登录成功,"2025-04-04 16:37:37"
1908772962766872578,admin,"0:0:0:0:0:0:0:1",内网IP,MSEdge,Windows 10 or Windows Server 2016,1,登录成功,"2025-04-06 14:45:12"
1908824303581171714,admin,"0:0:0:0:0:0:0:1",内网IP,Chrome,Windows 10 or Windows Server 2016,1,登录成功,"2025-04-06 18:09:13"
1909057908169433090,admin,"0:0:0:0:0:0:0:1",内网IP,MSEdge,Windows 10 or Windows Server 2016,0,验证码错误,"2025-04-07 09:37:29"
1909057935889588226,admin,"0:0:0:0:0:0:0:1",内网IP,MSEdge,Windows 10 or Windows Server 2016,1,登录成功,"2025-04-07 09:37:35"
1909067047096475650,admin,"0:0:0:0:0:0:0:1",内网IP,Chrome,Windows 10 or Windows Server 2016,1,登录成功,"2025-04-07 10:13:47"
1909251284886016001,admin,"0:0:0:0:0:0:0:1",内网IP,Chrome,Windows 10 or Windows Server 2016,1,登录成功,"2025-04-07 22:25:53"
1909268412318011393,admin,"0:0:0:0:0:0:0:1",内网IP,MSEdge,Windows 10 or Windows Server 2016,1,登录成功,"2025-04-07 23:33:57"
1909419875572834305,admin,"0:0:0:0:0:0:0:1",内网IP,MSEdge,Windows 10 or Windows Server 2016,1,登录成功,"2025-04-08 09:35:48"
1909433651990814722,admin,"0:0:0:0:0:0:0:1",内网IP,Chrome,Windows 10 or Windows Server 2016,0,验证码已失效,"2025-04-08 10:30:33"
1909433699369672705,admin,"0:0:0:0:0:0:0:1",内网IP,Chrome,Windows 10 or Windows Server 2016,1,登录成功,"2025-04-08 10:30:44"
1909614105733828610,admin,"0:0:0:0:0:0:0:1",内网IP,Chrome,Windows 10 or Windows Server 2016,0,验证码错误,"2025-04-08 22:27:36"
1909614127804256258,admin,"0:0:0:0:0:0:0:1",内网IP,Chrome,Windows 10 or Windows Server 2016,1,登录成功,"2025-04-08 22:27:42"
1909639870466691074,admin,"0:0:0:0:0:0:0:1",内网IP,MSEdge,Windows 10 or Windows Server 2016,0,验证码错误,"2025-04-09 00:09:59"
1909639890129588226,admin,"0:0:0:0:0:0:0:1",内网IP,MSEdge,Windows 10 or Windows Server 2016,1,登录成功,"2025-04-09 00:10:04"
1909806235135729666,admin,"0:0:0:0:0:0:0:1",内网IP,Chrome,Windows 10 or Windows Server 2016,0,验证码已失效,"2025-04-09 11:11:04"
1909806261396267010,admin,"0:0:0:0:0:0:0:1",内网IP,Chrome,Windows 10 or Windows Server 2016,1,登录成功,"2025-04-09 11:11:10"
1909858153409241089,admin,"0:0:0:0:0:0:0:1",内网IP,MSEdge,Windows 10 or Windows Server 2016,1,登录成功,"2025-04-09 14:37:22"
1909985823904137218,admin,"0:0:0:0:0:0:0:1",内网IP,MSEdge,Windows 10 or Windows Server 2016,1,登录成功,"2025-04-09 23:04:41"
1909993571635068929,admin,"0:0:0:0:0:0:0:1",内网IP,Chrome,Windows 10 or Windows Server 2016,0,验证码已失效,"2025-04-09 23:35:28"
1909993586617122817,admin,"0:0:0:0:0:0:0:1",内网IP,Chrome,Windows 10 or Windows Server 2016,1,登录成功,"2025-04-09 23:35:32"
1910157844072087553,admin,"0:0:0:0:0:0:0:1",内网IP,MSEdge,Windows 10 or Windows Server 2016,1,登录成功,"2025-04-10 10:28:14"
1910174261857206273,admin,"0:0:0:0:0:0:0:1",内网IP,Chrome,Windows 10 or Windows Server 2016,1,登录成功,"2025-04-10 11:33:28"
1910530727129124866,admin,"0:0:0:0:0:0:0:1",内网IP,Lenovo,Windows 10 or Windows Server 2016,0,验证码已失效,"2025-04-11 11:09:56"
1910530756787048449,admin,"0:0:0:0:0:0:0:1",内网IP,Lenovo,Windows 10 or Windows Server 2016,1,登录成功,"2025-04-11 11:10:03"
1910590298468179969,admin,"0:0:0:0:0:0:0:1",内网IP,Lenovo,Windows 10 or Windows Server 2016,1,登录成功,"2025-04-11 15:06:39"
1910603332313997313,admin,"0:0:0:0:0:0:0:1",内网IP,Lenovo,Windows 10 or Windows Server 2016,1,登录成功,"2025-04-11 15:58:26"
1911052743154393089,admin,"0:0:0:0:0:0:0:1",内网IP,Lenovo,Windows 10 or Windows Server 2016,1,登录成功,"2025-04-12 21:44:14"
1911066627374374914,admin,"0:0:0:0:0:0:0:1",内网IP,Lenovo,Windows 10 or Windows Server 2016,0,验证码已失效,"2025-04-12 22:39:25"
1911066677508890625,admin,"0:0:0:0:0:0:0:1",内网IP,Lenovo,Windows 10 or Windows Server 2016,1,登录成功,"2025-04-12 22:39:36"
1911364753415581698,admin,"0:0:0:0:0:0:0:1",内网IP,Chrome,Windows 10 or Windows Server 2016,1,登录成功,"2025-04-13 18:24:03"
1911403537879793666,admin,"0:0:0:0:0:0:0:1",内网IP,Lenovo,Windows 10 or Windows Server 2016,1,登录成功,"2025-04-13 20:58:10"
1911403555462316033,admin,"0:0:0:0:0:0:0:1",内网IP,Lenovo,Windows 10 or Windows Server 2016,1,登录成功,"2025-04-13 20:58:14"
1911757528954306561,admin,"0:0:0:0:0:0:0:1",内网IP,Lenovo,Windows 10 or Windows Server 2016,0,验证码已失效,"2025-04-14 20:24:48"
1911757547618959362,admin,"0:0:0:0:0:0:0:1",内网IP,Lenovo,Windows 10 or Windows Server 2016,1,登录成功,"2025-04-14 20:24:53"
1911766522888454145,admin,"0:0:0:0:0:0:0:1",内网IP,Lenovo,Windows 10 or Windows Server 2016,0,验证码已失效,"2025-04-14 21:00:33"
1911766537287499777,admin,"0:0:0:0:0:0:0:1",内网IP,Lenovo,Windows 10 or Windows Server 2016,1,登录成功,"2025-04-14 21:00:36"
1912111979342970881,admin,"0:0:0:0:0:0:0:1",内网IP,Lenovo,Windows 10 or Windows Server 2016,1,登录成功,"2025-04-15 19:53:16"
1912152632013733890,admin,"0:0:0:0:0:0:0:1",内网IP,Lenovo,Windows 10 or Windows Server 2016,0,验证码错误,"2025-04-15 22:34:48"
1912152646362447873,admin,"0:0:0:0:0:0:0:1",内网IP,Lenovo,Windows 10 or Windows Server 2016,1,登录成功,"2025-04-15 22:34:52"
1912155160063361025,admin,"0:0:0:0:0:0:0:1",内网IP,Lenovo,Windows 10 or Windows Server 2016,1,登录成功,"2025-04-15 22:44:51"
1912394449317601281,admin,"0:0:0:0:0:0:0:1",内网IP,Lenovo,Windows 10 or Windows Server 2016,1,登录成功,"2025-04-16 14:35:42"
1912430869293899778,"123","0:0:0:0:0:0:0:1",内网IP,Lenovo,Windows 10 or Windows Server 2016,1,登录成功,"2025-04-16 17:00:25"
1912431929366487042,admin,"0:0:0:0:0:0:0:1",内网IP,Lenovo,Windows 10 or Windows Server 2016,1,登录成功,"2025-04-16 17:04:38"
1912864235646394370,admin,"0:0:0:0:0:0:0:1",内网IP,Lenovo,Windows 10 or Windows Server 2016,1,登录成功,"2025-04-17 21:42:28"
1912864530745040898,admin,"0:0:0:0:0:0:0:1",内网IP,Lenovo,Windows 10 or Windows Server 2016,1,登录成功,"2025-04-17 21:43:38"
1913127151247331329,admin,"0:0:0:0:0:0:0:1",内网IP,Lenovo,Windows 10 or Windows Server 2016,1,登录成功,"2025-04-18 15:07:12"
1913127660058349570,admin,"0:0:0:0:0:0:0:1",内网IP,Lenovo,Windows 10 or Windows Server 2016,0,验证码错误,"2025-04-18 15:09:13"
1913127669596196865,admin,"0:0:0:0:0:0:0:1",内网IP,Lenovo,Windows 10 or Windows Server 2016,1,登录成功,"2025-04-18 15:09:15"
1913129585285828609,admin,"0:0:0:0:0:0:0:1",内网IP,Lenovo,Windows 10 or Windows Server 2016,0,验证码已失效,"2025-04-18 15:16:52"
1913129595536707585,admin,"0:0:0:0:0:0:0:1",内网IP,Lenovo,Windows 10 or Windows Server 2016,1,登录成功,"2025-04-18 15:16:54"
1929753040331640834,admin,"0:0:0:0:0:0:0:1",内网IP,Chrome,Windows 10 or Windows Server 2016,1,登录成功,"2025-06-03 12:12:33"
1931969823422001153,admin,"0:0:0:0:0:0:0:1",内网IP,Chrome,Windows 10 or Windows Server 2016,1,登录成功,"2025-06-09 15:01:15"
1931977162321539074,admin,"0:0:0:0:0:0:0:1",内网IP,Chrome,Windows 10 or Windows Server 2016,1,登录成功,"2025-06-09 15:30:25"
1932260482238353409,admin,"0:0:0:0:0:0:0:1",内网IP,Chrome,Windows 10 or Windows Server 2016,0,验证码错误,"2025-06-10 10:16:13"
1932260537619943426,admin,"0:0:0:0:0:0:0:1",内网IP,Chrome,Windows 10 or Windows Server 2016,1,登录成功,"2025-06-10 10:16:27"
1932628491624726529,admin,"0:0:0:0:0:0:0:1",内网IP,Chrome,Windows 10 or Windows Server 2016,1,登录成功,"2025-06-11 10:38:34"
1932979109799313409,admin,"0:0:0:0:0:0:0:1",内网IP,Chrome,Windows 10 or Windows Server 2016,1,登录成功,"2025-06-12 09:51:47"
1933002862713290754,admin,"0:0:0:0:0:0:0:1",内网IP,Chrome,Windows 10 or Windows Server 2016,1,登录成功,"2025-06-12 11:26:11"
1946598980766769154,admin,"0:0:0:0:0:0:0:1",内网IP,Chrome,Windows 10 or Windows Server 2016,1,登录成功,"2025-07-19 23:52:18"
1973402641891188738,admin,"0:0:0:0:0:0:0:1",内网IP,Chrome,Windows 10 or Windows Server 2016,1,登录成功,"2025-10-01 23:00:28"
1973404727752122370,admin,"0:0:0:0:0:0:0:1",内网IP,Chrome,Windows 10 or Windows Server 2016,1,登录成功,"2025-10-01 23:08:45"
1973409244103172097,admin,"0:0:0:0:0:0:0:1",内网IP,Chrome,Windows 10 or Windows Server 2016,1,登录成功,"2025-10-01 23:26:42"
1977282997509779458,admin,"0:0:0:0:0:0:0:1",内网IP,Chrome,Windows 10 or Windows Server 2016,1,登录成功,"2025-10-12 15:59:37"
1983053782599516161,admin,"0:0:0:0:0:0:0:1",内网IP,Chrome,Windows 10 or Windows Server 2016,1,登录成功,"2025-10-28 14:10:40"
